{"cameraMode":{"drawMode":0,"name":"Shaded","section":"Shading Mode"},"sceneLighting":false,"audioPlay":false,"sceneViewState":{"m_AlwaysRefresh":false,"showFog":false,"showSkybox":false,"showFlares":false,"showImageEffects":false,"showParticleSystems":false,"showVisualEffectGraphs":true,"m_FxEnabled":true},"in2DMode":false,"pivot":{"x":-0.04629261791706085,"y":0.5012940168380737,"z":-1.5276319980621338},"rotation":{"x":-0.0015013122465461493,"y":-0.9916285872459412,"z":0.1289464682340622,"w":-0.011296114884316922},"size":1.8425980806350709,"orthographic":false}